Rank,Player Name,Club,Position,Minutes Played,Matches Played,Goals,Assists,Distance Covered (km),Top Speed (km/h)
01,Pacho,Paris,Defender,1260,14,2,1,120.8,33.7
02,Vitinha,Paris,Midfielder,1259,14,6,1,150,31.6
03,Vinícius Júnior,Real Madrid,Forward,1170,14,5,8,125,35.1
04,Zaïre-Emery,Paris,Midfielder,1164,14,0,1,140.4,34.1
05,Valverde,Real Madrid,Midfielder,1162,13,3,4,133,35.8
06,Tchouaméni,Real Madrid,Midfielder,1125,13,1,1,139.1,31.9
07,Nuno Mendes,Paris,Defender,1114,14,2,2,104,35.5
08,Sjøvold,Bodø/Glimt,Midfielder,1110,12,1,0,138.3,33.3
08,Berg,Bodø/Glimt,Midfielder,1110,12,0,1,137.6,31.3
08,Bjørtuft,Bodø/Glimt,Defender,1110,12,0,0,120.3,33.1
08,Haikin,Bodø/Glimt,Goalkeeper,1110,12,0,0,65.2,26.4
12,Alvarez,Atleti,Forward,1097,13,9,4,130.9,33.1
13,Simeone,Atleti,Forward,1090,13,2,1,139.1,34.8
14,Uğurcan Çakır,Galatasaray,Goalkeeper,1088,12,0,0,58.9,28.8
15,Van Dijk,Liverpool,Defender,1080,12,2,2,110.2,33.9
16,Grimaldo,Leverkusen,Defender,1079,12,4,3,142.4,32
17,Szoboszlai,Liverpool,Midfielder,1053,12,5,4,131.7,34.5
18,Marquinhos,Paris,Defender,1035,12,2,0,103.3,33.9
19,Arda Güler,Real Madrid,Midfielder,1030,14,2,4,126,32.1
19,Evjen,Bodø/Glimt,Midfielder,1030,12,1,3,134.5,33
21,Ruggeri,Atleti,Defender,1028,13,0,3,126,31.9
22,Sánchez,Galatasaray,Defender,1020,11,1,0,102.6,33.4
22,Rui Silva,Sporting CP,Goalkeeper,1020,11,0,0,62.9,24.6
24,García,Leverkusen,Midfielder,1006,12,2,0,131.9,31.8
25,Pavlović,Bayern München,Midfielder,994,12,1,0,128.9,31.6
26,Torreira,Galatasaray,Midfielder,990,12,0,0,112.2,31.7
26,Quansah,Leverkusen,Defender,990,11,0,0,114,34.8
26,Raya,Arsenal,Goalkeeper,990,11,0,0,69,31.3
29,Hauge,Bodø/Glimt,Forward,988,12,6,2,118.3,34
29,Barış Alper Yılmaz,Galatasaray,Forward,988,12,1,2,102.2,34.8
31,Kimmich,Bayern München,Midfielder,980,11,0,1,123.2,31.5
32,Araújo,Sporting CP,Midfielder,979,11,2,1,111.8,32.8
33,Llorente,Atleti,Midfielder,971,12,4,2,117.7,34.4
34,Abdülkerim Bardakcı,Galatasaray,Defender,967,11,0,0,97.5,32.4
35,Burn,Newcastle,Defender,965,11,1,2,114.1,31.6
36,Tah,Bayern München,Defender,963,12,1,0,104.1,33
37,Gravenberch,Liverpool,Midfielder,961,11,1,2,110.5,34.2
38,Suárez,Sporting CP,Forward,956,12,5,1,98.7,33.5
38,Francisco Trincão,Sporting CP,Forward,956,11,4,4,115.4,32.7
38,Gonçalo Inácio,Sporting CP,Defender,956,11,1,0,103.9,32.7
41,Tonali,Newcastle,Midfielder,955,11,1,1,125.3,34.4
42,Courtois,Real Madrid,Goalkeeper,945,11,0,2,55,26.3
43,Hakimi,Paris,Defender,944,11,1,5,109,37
44,Hancko,Atleti,Defender,932,11,2,1,103.8,33
45,Thiaw,Newcastle,Defender,928,11,1,0,104.5,33.4
46,Høgh,Bodø/Glimt,Forward,922,12,5,3,103.6,32.6
47,Fresneda,Sporting CP,Defender,920,10,0,1,126.5,33.1
48,Kalulu,Juventus,Defender,919,10,0,3,95.9,34.3
49,Mbappé,Real Madrid,Forward,912,11,15,1,85.9,36.2
49,Bjørkan,Bodø/Glimt,Defender,912,10,0,2,121.9,32.9
51,Hjulmand,Sporting CP,Midfielder,910,10,0,0,112,31.4
52,Barcola,Paris,Forward,907,13,2,4,93.4,36.7
53,Sallai,Galatasaray,Forward,901,12,0,1,106.8,32.9
53,Olise,Bayern München,Midfielder,901,11,4,8,102,33.9
55,Vanaken,Club Brugge,Midfielder,900,10,2,3,120.2,33.2
55,Trubin,Benfica,Goalkeeper,900,10,1,0,47.1,24.9
55,Oblak,Atleti,Goalkeeper,900,10,0,1,55.7,24.1
55,Otamendi,Benfica,Defender,900,10,0,0,98.8,31
55,Sommer,Inter,Goalkeeper,900,10,0,0,54.8,25.4
55,Kobel,B. Dortmund,Goalkeeper,900,10,0,0,53.3,27.9
55,Kochalski,Qarabağ,Goalkeeper,900,10,0,0,53.3,24.1
55,Carnesecchi,Atalanta,Goalkeeper,900,10,0,0,46.4,27.2
63,De Roon,Atalanta,Midfielder,899,12,0,2,117,32
63,McKennie,Juventus,Midfielder,899,10,4,1,102.7,32.7
65,Mechele,Club Brugge,Defender,898,10,1,1,108.4,31.7
66,Brunstad Fet,Bodø/Glimt,Midfielder,895,12,4,0,118.7,30.9
67,Kvaratskhelia,Paris,Forward,884,13,8,5,91.4,33.7
68,Vicario,Tottenham,Goalkeeper,883,10,0,0,57.5,25.3
69,Stanković,Club Brugge,Midfielder,876,10,2,2,117.5,31.9
70,Yamal,Barcelona,Forward,874,10,6,4,89.7,31.6
71,Jakobs,Galatasaray,Defender,872,12,0,0,96.8,35.3
71,Ordoñez,Club Brugge,Defender,872,10,1,0,97,33.8
73,Silva,Qarabağ,Defender,871,10,1,1,98.6,34.4
73,Medina,Qarabağ,Defender,871,10,0,0,94,34.7
75,Konaté,Liverpool,Defender,870,10,1,0,90.7,35.3
76,Koundé,Barcelona,Defender,868,10,2,1,102.8,34.8
77,Aursnes,Benfica,Midfielder,863,10,0,2,115.3,32.5
77,Pedro Bicalho,Qarabağ,Midfielder,863,10,0,1,107,31.7
79,Zubimendi,Arsenal,Midfielder,861,10,0,1,113.3,31.9
80,Kane,Bayern München,Forward,859,11,12,1,94.6,31.6
80,Zoubir,Qarabağ,Midfielder,859,10,1,2,112.8,31.8
82,Ortega,Olympiacos,Defender,855,10,0,0,97.4,32.7
83,Mac Allister,Liverpool,Midfielder,854,12,3,1,109,31.7
84,M. Caicedo,Chelsea,Midfielder,851,10,2,0,99,32.6
85,Bernasconi,Atalanta,Defender,847,10,0,1,102.5,33.6
86,João Neves,Paris,Midfielder,845,11,1,3,105.3,31.7
87,Osimhen,Galatasaray,Forward,841,10,7,3,74.2,36.1
88,Wirtz,Liverpool,Midfielder,840,11,1,3,112,34
89,Ekitiké,Liverpool,Forward,838,12,3,1,105.3,34.9
90,Upamecano,Bayern München,Defender,836,10,0,2,87.5,33.8
91,Akliouche,Monaco,Midfielder,834,10,1,3,103,31.6
92,Jafarguliyev,Qarabağ,Defender,820,10,2,1,94.8,35.1
93,Balogun,Monaco,Forward,813,10,5,0,91.8,33.9
94,Kossounou,Atalanta,Defender,812,10,0,0,98.1,33.3
95,Pavlidis,Benfica,Forward,811,10,2,2,107,31.8
95,Tapsoba,Leverkusen,Defender,811,10,0,0,90.3,33.6
97,Saliba,Arsenal,Defender,810,9,0,0,89.3,32.1
97,Tzolakis,Olympiacos,Goalkeeper,810,9,0,0,53.8,25.8
97,Neuer,Bayern München,Goalkeeper,810,9,0,0,47.6,25.9
97,Donnarumma,Man City,Goalkeeper,810,9,0,0,45.8,27.9
101,Barnes,Newcastle,Forward,809,12,6,3,94.3,33.8
102,Retsos,Olympiacos,Defender,806,9,0,0,95.3,32.2
103,Dedić,Benfica,Defender,805,10,0,0,93.3,34
104,Joan García,Barcelona,Goalkeeper,802,9,0,0,58.6,26.6
105,Fermín López,Barcelona,Forward,800,11,6,4,95.4,32.5
105,Luis Díaz,Bayern München,Forward,800,10,6,3,92,33.8
107,Carreras,Real Madrid,Defender,797,9,0,0,89.3,33.4
108,Gerard Martín,Barcelona,Defender,791,12,0,1,88.7,33.1
109,Maza,Leverkusen,Midfielder,789,12,0,2,107.3,31.4
109,Dahl,Benfica,Defender,789,9,1,0,95.1,32
111,Lookman,Atleti,Forward,783,13,3,4,80.9,33.7
112,Eric García,Barcelona,Defender,778,11,0,0,91.2,34.3
113,Bensebaini,B. Dortmund,Defender,773,9,2,0,78,32.5
114,Pedro Porro,Tottenham,Defender,772,9,1,2,90.8,34.2
115,Gordon,Newcastle,Forward,771,12,10,2,89.2,36.4
115,Catamo,Sporting CP,Forward,771,11,1,2,92.9,34.7
115,Huijsen,Real Madrid,Defender,771,9,0,0,87.6,33.4
118,Rice,Arsenal,Midfielder,770,10,1,2,95.2,32
119,Poku,Leverkusen,Forward,769,12,0,1,90.1,35
120,Koke,Atleti,Midfielder,768,14,0,0,108.9,28.9
120,Kenan Yıldız,Juventus,Forward,768,10,1,3,76.5,31.6
120,Kelly,Juventus,Defender,768,9,1,1,82.5,34.3
123,Caio Henrique,Monaco,Defender,765,9,0,0,95,33.5
124,Haaland,Man City,Forward,756,10,8,0,85.4,35.7
125,Duran,Qarabağ,Forward,754,10,5,2,81.8,33.6
126,Nmecha,B. Dortmund,Midfielder,753,10,3,0,85.8,34.2
127,Fernández,Chelsea,Midfielder,747,10,3,2,96.4,31.8
127,Zappacosta,Atalanta,Defender,747,10,1,0,94.6,33.4
127,Anton,B. Dortmund,Defender,747,9,1,0,89.3,32.2
130,Koopmeiners,Juventus,Midfielder,745,10,2,1,84.3,32.5
131,Cubarsí,Barcelona,Defender,744,10,0,0,86.2,31.9
132,Andrich,Leverkusen,Midfielder,742,9,1,1,85.4,32.3
132,Mustafazade,Qarabağ,Defender,742,9,1,0,80.2,36.5
134,Gabriel Sara,Galatasaray,Midfielder,737,12,1,1,91.9,31
135,Pirola,Olympiacos,Defender,735,10,0,0,82.2,32.8
136,Janković,Qarabağ,Midfielder,730,9,1,3,88.5,31.6
136,Lemina,Galatasaray,Midfielder,730,9,1,1,78,34.6
138,Éderson,Atalanta,Midfielder,724,9,1,0,95.9,33.8
139,El Kaabi,Olympiacos,Forward,723,10,2,1,83.1,33
139,Sané,Galatasaray,Midfielder,723,10,0,2,77.4,34.1
139,Gelson Martins,Olympiacos,Forward,723,9,3,0,90.8,33.3
139,Tzolis,Club Brugge,Forward,723,9,2,1,92.3,32.4
143,Cucurella,Chelsea,Defender,722,9,0,0,88.5,32.8
144,Van de Ven,Tottenham,Defender,720,8,2,0,78.3,35.1
144,Renato Veiga,Villarreal,Defender,720,8,1,0,87.2,32.6
144,Luckassen,Pafos,Defender,720,8,1,0,78.9,33.4
144,Veerman,PSV,Midfielder,720,8,0,1,96.1,29.7
144,Pope,Newcastle,Goalkeeper,720,8,0,1,47.4,26.9
144,Burgess,Union SG,Defender,720,8,0,0,85.3,29.6
144,Theate,Frankfurt,Defender,720,8,0,0,82.2,32.3
144,Sorokin,Kairat Almaty,Defender,720,8,0,0,81.7,32.8
144,Kotarski,Copenhagen,Goalkeeper,720,8,0,0,48.4,28.5
144,Unai Simón,Athletic Club,Goalkeeper,720,8,0,0,46.2,26.4
144,Köhn,Monaco,Goalkeeper,720,8,0,0,43.4,26.5
144,Rulli,Marseille,Goalkeeper,720,8,0,0,42.8,36.2
144,Safonov,Paris,Goalkeeper,720,8,0,0,42.4,29.2
144,Kovář,PSV,Goalkeeper,720,8,0,0,40.6,23.8
144,Scherpen,Union SG,Goalkeeper,720,8,0,0,37,24
159,Laimer,Bayern München,Midfielder,719,9,0,3,75.4,33.9
160,Griezmann,Atleti,Forward,715,13,2,5,89.3,34.7
160,Dimarco,Inter,Defender,715,9,1,0,83.9,32.3
162,Svensson,B. Dortmund,Defender,711,9,2,0,91.4,31.8
162,Mrynskiy,Kairat Almaty,Defender,711,8,0,1,91.3,34.5
164,Guirassy,B. Dortmund,Forward,710,10,4,3,79.6,32.5
164,Hien,Atalanta,Defender,710,9,0,0,80.1,33.6
164,Koch,Frankfurt,Defender,710,8,0,0,82.5,33.1
167,Akanji,Inter,Defender,708,10,0,0,80.7,34
168,Spence,Tottenham,Defender,707,10,0,0,78.5,35.9
169,Le Normand,Atleti,Defender,704,12,2,0,81.3,31.6
170,Khalaili,Union SG,Forward,703,8,3,0,81.5,34.2
171,Djimsiti,Atalanta,Defender,702,10,0,0,84.2,30.6
171,Gabriel,Arsenal,Defender,702,9,1,1,77.4,32.1
171,Gabriel Pereira,Copenhagen,Defender,702,8,0,0,80.1,33.7
174,Gyökeres,Arsenal,Forward,701,10,4,2,85.1,34.1
175,Seys,Club Brugge,Midfielder,700,9,0,2,85.9,33.9
175,Provod,Slavia Praha,Midfielder,700,8,0,2,89.3,33.3
177,Hezze,Olympiacos,Midfielder,699,9,1,1,88.8,29.8
177,McTominay,Napoli,Forward,699,8,4,1,95.7,31.9
179,Mac Allister,Union SG,Defender,697,8,1,0,82.1,29.9
179,Pêpê,Pafos,Midfielder,697,8,0,0,88.5,31.4
181,Pedri,Barcelona,Midfielder,695,9,0,2,90.8,33.1
182,Romero,Tottenham,Defender,694,8,1,3,72.6,31.8
183,Bastoni,Inter,Defender,691,9,1,1,81.8,33.7
184,Zima,Slavia Praha,Defender,690,8,0,0,86,32.8
185,Kehrer,Monaco,Defender,689,9,0,1,75.8,31.7
186,Salah,Liverpool,Forward,688,10,3,3,80.9,34.6
187,Baas,Ajax,Defender,685,8,0,0,80.3,33.2
188,Brown,Frankfurt,Defender,682,8,0,2,79.8,33.9
189,Barrios,Atleti,Midfielder,681,9,0,1,89.3,33.5
190,Mouzakitis,Olympiacos,Midfielder,679,10,0,0,89.4,31.2
191,Schouten,PSV,Midfielder,675,8,0,0,82.7,31.9
191,Sánchez,Chelsea,Goalkeeper,675,8,0,0,35.8,27.9
193,Teze,Monaco,Defender,674,9,3,0,79.7,32.5
193,Carlos Forbs,Club Brugge,Forward,674,9,2,3,77.8,36.7
195,Zorgane,Union SG,Midfielder,673,8,0,1,87.5,29.3
196,Sabbe,Club Brugge,Defender,672,9,0,0,87.1,32
197,Greenwood,Marseille,Forward,671,8,3,1,72.1,34.3
197,O’Reilly,Man City,Midfielder,671,8,1,2,83.8,35.7
199,Rodinei,Olympiacos,Defender,670,8,0,2,76.8,33
200,Trippier,Newcastle,Defender,668,9,0,3,78.2,32.7
200,Dragomir,Pafos,Midfielder,668,8,1,0,84.9,34.2
202,Molina,Atleti,Defender,663,11,0,1,80.5,34.4
203,Lopez,Copenhagen,Defender,658,8,0,1,79.5,33.6
203,Højbjerg,Marseille,Midfielder,658,8,0,0,78.7,31.3
205,Gundersen,Bodø/Glimt,Defender,657,9,0,0,81.1,31.3
206,Tomás Araújo,Benfica,Defender,656,9,0,0,74.7,33.1
207,Woltemade,Newcastle,Forward,655,10,1,0,79.5,32
207,João Simões,Sporting CP,Midfielder,655,10,0,1,90.1,33
209,Sudakov,Benfica,Midfielder,652,9,0,1,85.5,31.4
210,Eze,Arsenal,Midfielder,650,10,1,2,74.7,31.8
211,Hall,Newcastle,Defender,649,10,0,1,79.5,33.1
212,Locatelli,Juventus,Midfielder,647,9,1,0,71.8,30.4
213,Oršić,Pafos,Forward,646,8,2,2,80.5,34.8
214,Bellingham,B. Dortmund,Forward,645,10,0,1,73.1,31.6
215,P. Sarr,Tottenham,Midfielder,644,9,0,0,82.2,32.4
215,Pubill,Atleti,Defender,644,9,0,0,82,32.5
217,Cambiaso,Juventus,Defender,643,9,0,1,80.5,32.9
218,Blomberg,Bodø/Glimt,Forward,637,10,2,4,77.9,31.4
219,Zieliński,Inter,Midfielder,635,10,1,0,83.1,32.3
220,Barreiro,Benfica,Midfielder,631,9,2,0,87.1,30.1
220,Doku,Man City,Midfielder,631,9,1,3,69,32.1
222,Mauro Júnior,PSV,Defender,630,7,0,2,83.6,32.8
222,Šunjić,Pafos,Midfielder,630,7,0,1,79.3,30.3
222,Paredes,Athletic Club,Defender,630,7,0,0,75,32.8
222,Rüdiger,Real Madrid,Defender,630,7,0,0,66.7,32.2
222,V. Milinković-Savić,Napoli,Goalkeeper,630,7,0,0,37.7,31.2
227,Alexander-Arnold,Real Madrid,Defender,629,9,0,1,34.5,32.3
228,Lewandowski,Barcelona,Forward,622,11,4,0,69.6,31.9
228,Ríos,Benfica,Midfielder,622,8,1,2,79,32.5
230,Diomande,Sporting CP,Defender,616,9,1,0,62.8,33.6
230,Pedro Neto,Chelsea,Forward,616,8,0,2,69.8,34.9
232,Stanišić,Bayern München,Defender,612,8,1,1,63.3,32.9
233,Pépé,Villarreal,Forward,611,8,0,1,67.5,35.4
234,D. Doué,Paris,Forward,608,10,5,2,79.5,33
234,Badé,Leverkusen,Defender,608,8,0,0,75.6,32
236,Bellingham,Real Madrid,Midfielder,607,9,2,1,74.7,32.6
236,Ryerson,B. Dortmund,Defender,607,9,0,2,76.2,33
238,Saibari,PSV,Midfielder,606,7,3,0,77.6,33.4
239,Pašalić,Atalanta,Midfielder,605,9,3,1,79.8,32.1
239,Comesaña,Villarreal,Midfielder,605,8,1,0,81.4,32.7
241,Kofane,Leverkusen,Forward,601,11,1,1,73.5,35.1
241,Luís Mata,Kairat Almaty,Defender,601,7,0,0,72.6,32.8
243,Sadílek,Slavia Praha,Midfielder,599,8,0,0,80.3,30.5
244,Van De Perre,Union SG,Defender,598,8,0,0,78.7,32.3
244,Buongiorno,Napoli,Defender,598,7,0,0,73.5,31.7
246,Barella,Inter,Midfielder,597,8,0,0,82.9,31.4
247,Knauff,Frankfurt,Midfielder,596,8,2,1,71,34.2
247,Højlund,Napoli,Forward,596,7,3,0,76.5,34.3
249,Kerkez,Liverpool,Defender,594,9,0,0,72.6,34.5
250,Thuram,Juventus,Midfielder,593,9,1,1,65.1,31.8
251,Joelinton,Newcastle,Midfielder,591,10,2,1,71.2,33.1
252,Jorginho,Kairat Almaty,Forward,590,8,1,0,66.6,34.4
253,Aubameyang,Marseille,Forward,589,8,3,5,65.2,35.8
253,Vanderson,Monaco,Defender,589,8,0,0,67.9,33.2
255,Martinelli,Arsenal,Forward,588,11,6,2,70.1,36.4
256,Sørloth,Atleti,Forward,585,13,6,1,72,32.8
257,De Ketelaere,Atalanta,Forward,584,8,2,2,69.5,32.8
257,Godts,Ajax,Forward,584,8,0,1,66.2,33.3
259,Dembélé,Paris,Forward,583,10,4,1,66.4,33.6
259,Til,PSV,Midfielder,583,8,2,3,71.2,35.5
259,Gray,Tottenham,Midfielder,583,8,0,2,78.8,34.4
262,Reijnders,Man City,Midfielder,582,10,0,3,76.5,32.2
263,Rashford,Barcelona,Forward,579,11,5,3,65.5,34
264,Krstović,Atalanta,Forward,578,12,1,1,74.1,32.7
264,Leandro Andrade,Qarabağ,Midfielder,578,9,3,1,70.4,34.5
266,M. Thuram,Inter,Forward,577,9,2,1,65.6,33.5
267,Barrenechea,Benfica,Midfielder,574,9,1,0,81.2,29.8
267,J. Suzuki,Copenhagen,Defender,574,7,0,1,65.7,33.5
267,Mamardashvili,Liverpool,Goalkeeper,574,7,0,0,32.3,26.9
270,Simons,Tottenham,Midfielder,572,10,3,1,72.2,33.8
271,Chalobah,Chelsea,Defender,571,8,0,0,63.9,32.2
272,James,Chelsea,Defender,565,8,0,2,69.3,32.7
272,Bruno,Pafos,Forward,565,7,1,0,65,34.6
274,Chiquinho,Olympiacos,Forward,563,10,1,2,69.5,31.6
275,Gnabry,Bayern München,Forward,562,11,2,4,64.6,32.9
275,Klaassen,Ajax,Midfielder,562,8,0,0,81.7,29.6
277,Di Lorenzo,Napoli,Defender,561,7,0,0,72.1,31
277,Schlotterbeck,B. Dortmund,Defender,561,7,0,0,54.2,33.9
279,Chaloupek,Slavia Praha,Defender,559,8,1,1,65.1,32.4
279,Raúl Asencio,Real Madrid,Defender,559,8,0,1,55.8,34.7
281,Bisseck,Inter,Defender,558,7,0,1,66.4,33.1
281,Hatzidiakos,Copenhagen,Defender,558,7,0,0,64.2,32.3
283,Gasiorowski,PSV,Defender,553,7,0,0,61.8,32.4
284,Bernardo Silva,Man City,Midfielder,552,8,1,0,76,30.5
285,Tresoldi,Club Brugge,Forward,551,10,3,2,69.2,32.7
286,Raphinha,Barcelona,Forward,544,7,3,2,64.8,33.5
287,Botman,Newcastle,Defender,543,8,1,0,65.1,32.1
287,David Luiz,Pafos,Defender,543,7,1,0,55.9,31.2
289,Bruno Guimarães,Newcastle,Midfielder,542,7,0,0,70.8,32
290,Schick,Leverkusen,Forward,540,9,4,1,70.6,39.6
290,J. Larsson,Copenhagen,Forward,540,8,3,0,67.7,33
290,Staněk,Slavia Praha,Goalkeeper,540,6,0,0,38.3,27.2
290,Anarbekov,Kairat Almaty,Goalkeeper,540,6,0,0,35,28.2
290,Blaswich,Leverkusen,Goalkeeper,540,6,0,0,34.1,25.5
290,Jaroš,Ajax,Goalkeeper,540,6,0,0,33.9,24.8
290,Di Gregorio,Juventus,Goalkeeper,540,6,0,0,31.9,24.1
290,Michael,Pafos,Goalkeeper,540,6,0,0,30.9,26.3
290,Flekken,Leverkusen,Goalkeeper,540,6,0,0,27.3,22.4
290,Chevalier,Paris,Goalkeeper,540,6,0,0,24.4,24.6
300,Perišić,PSV,Forward,539,8,1,2,64.1,34
300,Gromyko,Kairat Almaty,Midfielder,539,8,0,1,65.5,30.9
300,Podence,Olympiacos,Forward,539,8,0,0,63.6,30.9
303,Pavard,Marseille,Defender,537,6,0,0,59.9,31.9
304,Lewis-Skelly,Arsenal,Midfielder,536,8,0,1,62.4,32
305,Tillman,Leverkusen,Midfielder,534,10,2,0,71.9,33.2
306,Pedro Gonçalves,Sporting CP,Midfielder,533,8,1,1,62.7,32.7
306,Mouriño,Villarreal,Defender,533,6,0,0,59.4,32.2
308,João Pedro,Chelsea,Forward,532,8,3,0,66.6,33.2
309,Elyounoussi,Copenhagen,Forward,531,7,1,1,72.6,32.6
310,Beier,B. Dortmund,Forward,529,9,1,2,62.3,35
310,Niang,Union SG,Midfielder,529,7,0,0,64.3,32.7
312,Ait El Hadj,Union SG,Midfielder,527,7,1,1,71.2,31.9
312,P. A. Gueye,Villarreal,Midfielder,527,7,0,0,66.4,32.1
314,Saka,Arsenal,Forward,525,8,2,2,61.3,32.5
315,Balde,Barcelona,Defender,523,8,0,1,60.7,34.1
316,Jackers,Club Brugge,Goalkeeper,521,6,0,0,33.4,27.6
317,Esposito,Inter,Forward,519,9,2,2,64.6,30.1
318,Coulibaly,Monaco,Midfielder,517,9,0,1,69.5,33.5
318,Larsson,Frankfurt,Midfielder,517,7,0,0,70.1,30.2
320,Tapalov,Kairat Almaty,Midfielder,516,8,0,0,63.9,33
320,Camara,Monaco,Midfielder,516,6,0,0,65.1,31
322,Merino,Arsenal,Midfielder,515,7,2,0,71,30.7
322,Khusanov,Man City,Defender,515,6,0,0,57.8,36.1
324,De Jong,Barcelona,Midfielder,514,8,0,1,67,31.2
325,J. Timber,Arsenal,Defender,512,7,1,1,56.2,32.6
326,Salah-Eddine,PSV,Defender,510,7,0,0,58.4,33.4
327,Foden,Man City,Midfielder,509,7,2,1,71.4,32.9
327,Onyedika,Club Brugge,Midfielder,509,6,2,1,64.7,32.3
329,Navarro,Athletic Club,Midfielder,508,7,2,2,62.7,34.4
330,Zakaria,Monaco,Midfielder,507,6,0,0,58.4,32.7
331,Rúben Dias,Man City,Defender,506,7,0,0,63.8,31.9
331,Alisson Becker,Liverpool,Goalkeeper,506,6,0,0,29.8,26
333,Weah,Marseille,Midfielder,505,7,1,1,58.5,34.3
333,Lobotka,Napoli,Midfielder,505,6,0,0,68,30.4
335,Alejandro Rego,Athletic Club,Midfielder,502,8,0,0,64.6,31.6
336,Scamacca,Atalanta,Forward,501,10,3,1,56.9,31.1
336,Lang,Galatasaray,Forward,501,10,2,0,56.4,33.7
338,Francisco Conceição,Juventus,Forward,500,9,1,0,56,34
338,Chaibi,Frankfurt,Forward,500,8,1,1,68.6,32.6
340,Vivian,Athletic Club,Defender,495,6,0,0,59,32.9
340,Balerdi,Marseille,Defender,495,6,0,0,57,32.5
342,Gaaei,Ajax,Defender,492,7,1,1,66,33.9
342,Golovin,Monaco,Midfielder,492,7,0,1,64.6,31.9
344,Mosquera,Arsenal,Defender,490,8,0,0,59.3,33.9
345,Taremi,Olympiacos,Forward,488,10,2,2,64,31.9
346,Gloukh,Ajax,Midfielder,487,8,3,0,63.5,32.6
346,Robertson,Liverpool,Defender,487,7,1,1,55.9,32.5
348,Odobert,Tottenham,Midfielder,484,7,1,2,60,34.4
349,Sučić,Inter,Midfielder,481,10,1,0,70,32.7
349,Bellanova,Atalanta,Defender,481,9,0,0,58.9,35.8
349,Richarlison,Tottenham,Forward,481,7,1,1,57.1,31
349,Singo,Galatasaray,Defender,481,7,0,1,54.2,34.5
349,Fofana,Chelsea,Defender,481,6,0,1,52.3,35.5
354,Elanga,Newcastle,Forward,480,10,2,0,58,35.5
355,Camavinga,Real Madrid,Midfielder,479,11,1,1,58.7,34.4
356,Danso,Tottenham,Defender,478,8,0,0,53.8,32.3
356,Doan,Frankfurt,Midfielder,478,7,0,1,59.1,33.2
358,Gusto,Chelsea,Defender,476,7,1,1,59.3,33.7
359,Adeyemi,B. Dortmund,Forward,475,9,3,2,55.7,35.6
359,Cardona,Villarreal,Defender,475,8,0,0,62.6,31.7
361,Adama Boiro,Athletic Club,Defender,473,6,0,0,55.2,33.3
362,Gakpo,Liverpool,Forward,472,11,2,2,56.2,33.5
363,Paixão,Marseille,Forward,471,8,4,1,57,33.6
363,Madueke,Arsenal,Midfielder,471,7,3,0,52.9,34.9
365,Guruzeta,Athletic Club,Forward,469,7,5,0,57.1,31.5
366,Morita,Sporting CP,Midfielder,468,11,0,0,60.1,31
367,Frimpong,Liverpool,Defender,464,9,0,1,51.7,36.3
367,Karl,Bayern München,Midfielder,464,7,4,2,59.3,32.9
369,Man,PSV,Forward,460,8,2,0,55.8,34.3
370,L. Martínez,Inter,Forward,459,8,4,0,53.6,31.9
371,Dest,PSV,Defender,457,6,0,1,57.2,34.3
372,Itakura,Ajax,Defender,456,6,0,0,50.3,33.1
373,Fabián Ruiz,Paris,Midfielder,453,6,1,1,49.4,31.5
374,Yunus Akgün,Galatasaray,Forward,452,9,2,0,51.7,32.7
374,Jauregizar,Athletic Club,Midfielder,452,7,0,2,58.2,30.8
376,Kolo Muani,Tottenham,Forward,451,9,4,2,54.1,34.2
376,Hincapié,Arsenal,Defender,451,7,0,0,53.8,33.9
376,Chorý,Slavia Praha,Forward,451,7,0,0,53.4,31.4
379,Brandt,B. Dortmund,Midfielder,450,9,3,0,47.4,31.6
379,White,Arsenal,Defender,450,9,0,1,56,32.2
379,Dorley,Slavia Praha,Defender,450,5,0,0,55.5,32.1
379,Lerager,Copenhagen,Midfielder,450,5,0,0,55.4,30.3
379,Aguerd,Marseille,Defender,450,5,0,0,53.8,33.5
379,Martynovich,Kairat Almaty,Defender,450,5,0,0,49.6,32.8
379,Zetterer,Frankfurt,Goalkeeper,450,5,0,0,29.3,25.1
379,Luiz Júnior,Villarreal,Goalkeeper,450,5,0,0,29,28.1
387,Zafeiris,Slavia Praha,Midfielder,449,6,0,0,59.3,30.7
388,Olmo,Barcelona,Forward,448,10,1,1,54.7,34.2
389,Gatti,Juventus,Defender,447,5,2,0,37.7,32.2
390,Eduardo Quaresma,Sporting CP,Defender,446,7,0,0,49.6,32.7
391,Ronald Araújo,Barcelona,Defender,445,10,0,0,48,33.8
391,Gorosabel,Athletic Club,Defender,445,7,0,0,55.7,32.2
393,Collins,Frankfurt,Defender,444,6,0,0,51.8,32.1
394,Trossard,Arsenal,Midfielder,443,8,1,4,53.4,32.1
395,Salisu,Monaco,Defender,442,5,0,0,46.9,31.6
396,Satpayev,Kairat Almaty,Forward,440,5,1,0,51.3,34.6
396,Gvardiol,Man City,Defender,440,5,0,2,52.5,32.8
398,Auklend,Bodø/Glimt,Midfielder,439,10,0,0,65.6,31.8
398,Douděra,Slavia Praha,Defender,439,7,0,1,53.7,34.2
400,Fernández,Leverkusen,Midfielder,438,9,0,0,62.7,31.4
401,Mayulu,Paris,Midfielder,435,9,2,0,51.4,33.2
402,Jones,Liverpool,Midfielder,434,9,0,0,57.6,33.6
403,Matheus Nunes,Man City,Midfielder,433,6,0,0,51.7,34.8
404,Regeer,Ajax,Midfielder,432,8,0,0,55.6,32.5
405,Dani García,Olympiacos,Midfielder,431,8,0,0,55.3,27.9
244,Van De Perre,,,,,,,,
